reward_mode,gamma,epsilon_schedule,seed,episode,step,state_row,state_column,has_key_before,selected_action,executed_action,reward,next_row,next_column,has_key_after,done,event,epsilon,alpha,old_q,next_max_q,td_target,td_error,new_q
sparse,0.9,linear,3,3000,1,1,1,0,down,down,-0.1,2,1,0,False,normal_move,0.05,0.1,3.101472363643726,3.616819734287317,3.1551377608585853,0.0536653972148593,3.1068389033652117
sparse,0.9,linear,3,3000,2,2,1,0,right,up,-0.1,1,1,0,False,normal_move,0.05,0.1,2.9366452675020915,3.1068389033652117,2.6961550130286907,-0.2404902544734009,2.9125962420547515
sparse,0.9,linear,3,3000,3,1,1,0,down,down,-0.1,2,1,0,False,normal_move,0.05,0.1,3.1068389033652117,3.616819734287317,3.1551377608585853,0.04829885749337359,3.111668789114549
sparse,0.9,linear,3,3000,4,2,1,0,down,down,-0.1,3,1,0,False,normal_move,0.05,0.1,3.616819734287317,4.433650187077086,3.8902851683693775,0.27346543408206037,3.6441662776955233
sparse,0.9,linear,3,3000,5,3,1,0,down,down,-0.1,4,1,0,False,normal_move,0.05,0.1,4.433650187077086,5.586801790640974,4.928121611576877,0.49447142449979076,4.483097329527065
sparse,0.9,linear,3,3000,6,4,1,0,down,down,-0.1,5,1,0,False,normal_move,0.05,0.1,5.586801790640974,6.2454687737843,5.520921896405871,-0.06587989423510354,5.5802138012174645
sparse,0.9,linear,3,3000,7,5,1,0,down,down,-0.1,6,1,0,False,normal_move,0.05,0.1,6.2454687737843,7.82168879773875,6.939519917964875,0.694051144180575,6.314873888202358
sparse,0.9,linear,3,3000,8,6,1,0,down,down,-0.1,7,1,0,False,normal_move,0.05,0.1,7.82168879773875,9.027852822479755,8.02506754023178,0.20337874249302956,7.8420266719880525
sparse,0.9,linear,3,3000,9,7,1,0,down,down,-0.1,8,1,0,False,normal_move,0.05,0.1,9.027852822479755,10.526729061872448,9.374056155685205,0.34620333320544994,9.0624731558003
sparse,0.9,linear,3,3000,10,8,1,0,down,down,-0.1,9,1,0,False,normal_move,0.05,0.1,10.526729061872448,12.492975498738982,11.143677948865085,0.6169488869926365,10.588423950571713
sparse,0.9,linear,3,3000,11,9,1,0,down,down,-0.1,10,1,0,False,normal_move,0.05,0.1,12.492975498738982,15.310031231958776,13.6790281087629,1.1860526100239177,12.611580759741374
sparse,0.9,linear,3,3000,12,10,1,0,down,down,-0.1,11,1,0,False,normal_move,0.05,0.1,15.310031231958776,17.70249345062596,15.832244105563364,0.5222128736045875,15.362252519319235
sparse,0.9,linear,3,3000,13,11,1,0,right,right,-0.1,11,2,0,False,normal_move,0.05,0.1,17.70249345062596,20.273057548845028,18.145751793960525,0.44325834333456626,17.746819284959415
sparse,0.9,linear,3,3000,14,11,2,0,right,up,-0.1,10,2,0,False,normal_move,0.05,0.1,17.127350445698596,17.13164106854881,15.318476961693928,-1.8088734840046676,16.94646309729813
sparse,0.9,linear,3,3000,15,10,2,0,down,right,-0.1,10,3,0,False,normal_move,0.05,0.1,17.13164106854881,13.947400340263256,12.45266030623693,-4.678980762311879,16.663742992317623
sparse,0.9,linear,3,3000,16,10,3,0,left,left,-0.1,10,2,0,False,normal_move,0.05,0.1,13.947400340263256,16.663742992317623,14.89736869308586,0.949968352822605,14.042397175545517
sparse,0.9,linear,3,3000,17,10,2,0,down,down,-0.1,11,2,0,False,normal_move,0.05,0.1,16.663742992317623,20.273057548845028,18.145751793960525,1.4820088016429018,16.811943872481912
sparse,0.9,linear,3,3000,18,11,2,0,down,down,10.0,12,2,1,False,key_collected,0.05,0.1,20.273057548845028,11.623611157109568,20.461250041398614,0.18819249255358628,20.291876798100386
sparse,0.9,linear,3,3000,19,12,2,1,down,down,-0.1,13,2,1,False,normal_move,0.05,0.1,11.623611157109568,13.097991318826443,11.6881921869438,0.06458102983423153,11.630069260092991
sparse,0.9,linear,3,3000,20,13,2,1,right,up,-0.1,12,2,1,False,normal_move,0.05,0.1,13.097991318826443,11.630069260092991,10.367062334083693,-2.73092898474275,12.824898420352168
sparse,0.9,linear,3,3000,21,12,2,1,down,right,-0.1,12,3,1,False,normal_move,0.05,0.1,11.630069260092991,13.777905435902252,12.300114892312028,0.6700456322190362,11.697073823314895
sparse,0.9,linear,3,3000,22,12,3,1,right,right,-0.1,12,4,1,False,normal_move,0.05,0.1,13.777905435902252,15.772007784800405,14.094807006320364,0.3169015704181124,13.809595592944063
sparse,0.9,linear,3,3000,23,12,4,1,right,right,-0.1,12,5,1,False,normal_move,0.05,0.1,15.772007784800405,17.954317339377408,16.058885605439666,0.2868778206392619,15.80069556686433
sparse,0.9,linear,3,3000,24,12,5,1,right,right,-0.1,12,6,1,False,normal_move,0.05,0.1,17.954317339377408,20.000227012540577,17.90020431128652,-0.054113028090888804,17.948906036568317
sparse,0.9,linear,3,3000,25,12,6,1,right,right,-0.1,12,7,1,False,normal_move,0.05,0.1,20.000227012540577,22.43612507707333,20.092512569365997,0.09228555682541995,20.009455568223117
sparse,0.9,linear,3,3000,26,12,7,1,down,right,-0.1,12,8,1,False,normal_move,0.05,0.1,22.43612507707333,25.82547068365226,23.14292361528703,0.7067985382137003,22.506804930894702
sparse,0.9,linear,3,3000,27,12,8,1,down,down,-0.1,13,8,1,False,normal_move,0.05,0.1,25.82547068365226,31.34781648975942,28.113034840783477,2.287564157131218,26.05422709936538
sparse,0.9,linear,3,3000,28,13,8,1,down,down,-0.1,14,8,1,False,normal_move,0.05,0.1,31.34781648975942,35.95326128853706,32.25793515968335,0.9101186699239285,31.438828356751813
sparse,0.9,linear,3,3000,29,14,8,1,right,down,-0.1,15,8,1,False,normal_move,0.05,0.1,35.95326128853706,36.5575113775802,32.80176023982218,-3.151501048714877,35.63811118366557
sparse,0.9,linear,3,3000,30,15,8,1,right,right,-0.1,15,9,1,False,normal_move,0.05,0.1,36.5575113775802,44.403473463884566,39.86312611749611,3.30561473991591,36.88807285157179
sparse,0.9,linear,3,3000,31,15,9,1,right,right,-0.1,15,10,1,False,normal_move,0.05,0.1,44.403473463884566,50.77438330801258,45.59694497721132,1.193471513326756,44.52282061521724
sparse,0.9,linear,3,3000,32,15,10,1,right,right,-0.1,15,11,1,False,normal_move,0.05,0.1,50.77438330801258,63.01229349294807,56.61106414365326,5.836680835640678,51.35805139157665
sparse,0.9,linear,3,3000,33,15,11,1,right,right,-0.1,15,12,1,False,normal_move,0.05,0.1,63.01229349294807,72.6488875249191,65.2839987724272,2.2717052794791286,63.23946402089598
sparse,0.9,linear,3,3000,34,15,12,1,right,right,-0.1,15,13,1,False,normal_move,0.05,0.1,72.6488875249191,79.01156567598916,71.01040910839025,-1.638478416528855,72.48503968326622
sparse,0.9,linear,3,3000,35,15,13,1,right,right,-0.1,15,14,1,False,door_passed,0.05,0.1,79.01156567598916,91.96230154973513,82.66607139476163,3.6545057187724694,79.37701624786641
sparse,0.9,linear,3,3000,36,15,14,1,right,right,100.0,15,15,1,True,goal_reached,0.05,0.1,91.96230154973513,0.0,100.0,8.03769845026487,92.76607139476161
